{
  "mode": "both",
  "dataset": "ReDial",
  "model": "HyFairCRS_project_baseline",
  "timestamp": "2026-04-28 17:44:40",
  "checkpoint": "checkpoints\\baselines\\HyFairCRS\\ReDial\\best_hyfaircrs_model.pt",
  "config": {
    "epochs": 20,
    "batch_size": 128,
    "dim": 128,
    "lr": 0.002,
    "entity_graph_weight": 0.3,
    "concept_graph_weight": 0.25,
    "fusion_weight": 1.0,
    "mim_weight": 0.15,
    "fairness_weight": 0.05,
    "tail_bonus_weight": 0.08,
    "candidate_size": 100,
    "max_concepts": 8000,
    "min_concept_count": 2,
    "seed": 42
  },
  "ope": {
    "not_applicable": true,
    "reason": "HyFairCRS baseline adapter is an offline recommender, not a stochastic dialogue policy with logged propensities."
  },
  "test_evaluation": {
    "split": "test",
    "recommendation_results": {
      "Recall@10": 0.7165746484030066,
      "Recall@50": 0.916840096056514,
      "MRR@10": 0.8106586117033878,
      "MRR@50": 0.8120678414243386,
      "NDCG@10": 0.6712793054263531,
      "NDCG@50": 0.7487628326364122,
      "num_conversations_used": 670,
      "num_conversations_total": 671
    },
    "conversation_results": {
      "Dist-2": 0.08721976763213876,
      "Dist-3": 0.1371191135734072,
      "BLEU-2": 0.0,
      "BLEU-3": 0.0,
      "AT": 1.1985074626865673,
      "success_rate": 0.9895522388059701,
      "num_generated_explanations": 670,
      "baseline_dialogue_note": "HyFairCRS is evaluated as a one-shot recommender baseline; SR@K means target found in top-K, not learned multi-turn policy success.",
      "SR@5": 0.9507462686567164,
      "SR@10": 0.9746268656716418,
      "SR@20": 0.9895522388059701
    },
    "diversity": {
      "ILD@5": 0.6856545249940772,
      "GenreCoverage@5": 0.84,
      "CategoryCoverage@5": 0.84,
      "CalibrationError@5": 0.2708671831040636,
      "ILD@10": 0.7560924478138408,
      "GenreCoverage@10": 0.88,
      "CategoryCoverage@10": 0.88,
      "CalibrationError@10": 0.3056459750646272,
      "ILD@20": 0.8031116535118891,
      "GenreCoverage@20": 0.96,
      "CategoryCoverage@20": 0.96,
      "CalibrationError@20": 0.37162411242453175
    },
    "fairness": {
      "A@5": 183.87462686567164,
      "G@5": 0.03961078489700531,
      "L@5": 5.219677902722891,
      "D@5": -1.0,
      "HeadShare@5": 1.0,
      "TailShare@5": 0.0,
      "Entropy@5": 0.6620209284286003,
      "A@10": 121.57522388059701,
      "G@10": 0.08159147934504252,
      "L@10": 4.808724914014087,
      "D@10": -0.9770149253731344,
      "HeadShare@10": 0.9885074626865672,
      "TailShare@10": 0.011492537313432836,
      "Entropy@10": 0.745695722099307,
      "A@20": 73.1860447761194,
      "G@20": 0.1678043060261949,
      "L@20": 4.306576056691326,
      "D@20": -0.7638805970149254,
      "HeadShare@20": 0.8819402985074627,
      "TailShare@20": 0.11805970149253732,
      "Entropy@20": 0.8273515934446162
    },
    "transparency": {
      "groundedness_factual_consistency": 1.0,
      "deception_hallucination_rate": 0.0,
      "persuasiveness_score": 1.0,
      "transparency_score": 1.0,
      "trust_score": 1.0,
      "usefulness_score": 1.0,
      "baseline_explanation_note": "Template explanation generated for comparable transparency fields; HyFairCRS itself is not evaluated as your project's explanation generator."
    },
    "online_rollout": {
      "episodes": 671,
      "num_test_conversations": 671,
      "rollout_horizon": 20,
      "action_ratios": {
        "ask": 0.0,
        "recommend": 1.0,
        "clarify": 0.0,
        "end": 0.0
      },
      "num_catalog_items": 6924,
      "baseline_note": "HyFairCRS is not trained as a dialogue policy in this adapter; this is a one-shot recommendation evaluation."
    }
  },
  "training": {
    "history": [
      {
        "epoch": 1,
        "loss": 7.511595216957298,
        "rec_loss": 7.487222220446612,
        "hyfair_ssl_loss": 0.15022125811995687,
        "fairness_regularization_loss": 0.03679647208317309,
        "val": {
          "Recall@10": 0.7236607886532923,
          "Recall@50": 0.9276700935246662,
          "MRR@10": 0.8288284429213965,
          "MRR@50": 0.8296190799310563,
          "NDCG@10": 0.6844300187146333,
          "NDCG@50": 0.7640579154864914,
          "num_conversations_used": 667,
          "num_conversations_total": 671
        },
        "selection_score": 0.7309635500283825
      },
      {
        "epoch": 2,
        "loss": 6.885932999688226,
        "rec_loss": 6.865054996593578,
        "hyfair_ssl_loss": 0.08298921152143865,
        "fairness_regularization_loss": 0.1685923682274045,
        "val": {
          "Recall@10": 0.7293894719307014,
          "Recall@50": 0.9245198829156851,
          "MRR@10": 0.8093875681207016,
          "MRR@50": 0.810318881851292,
          "NDCG@10": 0.6785490974073753,
          "NDCG@50": 0.7555983838949595,
          "num_conversations_used": 667,
          "num_conversations_total": 671
        },
        "selection_score": 0.7275949600855374
      },
      {
        "epoch": 3,
        "loss": 6.795647296390018,
        "rec_loss": 6.768437560828956,
        "hyfair_ssl_loss": 0.07948218131991656,
        "fairness_regularization_loss": 0.3057480457666758,
        "val": {
          "Recall@10": 0.7210293662692463,
          "Recall@50": 0.9200786511506153,
          "MRR@10": 0.8097082411175365,
          "MRR@50": 0.810732004848166,
          "NDCG@10": 0.6748088185345686,
          "NDCG@50": 0.7534815563638559,
          "num_conversations_used": 667,
          "num_conversations_total": 671
        },
        "selection_score": 0.7225879495317672
      },
      {
        "epoch": 4,
        "loss": 6.771314883876491,
        "rec_loss": 6.742936747782939,
        "hyfair_ssl_loss": 0.07722975553290264,
        "fairness_regularization_loss": 0.3358734092196903,
        "val": {
          "Recall@10": 0.7216213321910473,
          "Recall@50": 0.919112467575736,
          "MRR@10": 0.8102508269674686,
          "MRR@50": 0.8109314673396227,
          "NDCG@10": 0.6725338451062451,
          "NDCG@50": 0.7504647175428409,
          "num_conversations_used": 667,
          "num_conversations_total": 671
        },
        "selection_score": 0.7221666106666508
      },
      {
        "epoch": 5,
        "loss": 6.7578630846899905,
        "rec_loss": 6.729499082307558,
        "hyfair_ssl_loss": 0.07454792572235738,
        "fairness_regularization_loss": 0.3436361168687408,
        "val": {
          "Recall@10": 0.7156058875324243,
          "Recall@50": 0.9199305109350087,
          "MRR@10": 0.8237012446157874,
          "MRR@50": 0.8247749245011483,
          "NDCG@10": 0.675912301879614,
          "NDCG@50": 0.7562733709936214,
          "num_conversations_used": 667,
          "num_conversations_total": 671
        },
        "selection_score": 0.7233322039706134
      },
      {
        "epoch": 6,
        "loss": 6.748485284238249,
        "rec_loss": 6.720009931358131,
        "hyfair_ssl_loss": 0.0733318881912006,
        "fairness_regularization_loss": 0.34951135193979416,
        "val": {
          "Recall@10": 0.7236923205064135,
          "Recall@50": 0.9186275909664215,
          "MRR@10": 0.8140417886294948,
          "MRR@50": 0.8150809473542845,
          "NDCG@10": 0.6746809778025483,
          "NDCG@50": 0.7522229168932612,
          "num_conversations_used": 667,
          "num_conversations_total": 671
        },
        "selection_score": 0.724608244184677
      },
      {
        "epoch": 7,
        "loss": 6.742179130863499,
        "rec_loss": 6.7136802467139995,
        "hyfair_ssl_loss": 0.07269603052252048,
        "fairness_regularization_loss": 0.3518896900318764,
        "val": {
          "Recall@10": 0.7141875490826015,
          "Recall@50": 0.9171116822541111,
          "MRR@10": 0.823576307084553,
          "MRR@50": 0.8241442236757079,
          "NDCG@10": 0.6711265592126818,
          "NDCG@50": 0.7510824573788951,