{
  "mode": "both",
  "dataset": "ReDial",
  "model": "KGSF_project_baseline",
  "timestamp": "2026-04-28 13:01:10",
  "checkpoint": "checkpoints\\baselines\\KGSF\\ReDial\\best_kgsf_model.pt",
  "config": {
    "epochs": 20,
    "batch_size": 128,
    "dim": 128,
    "lr": 0.002,
    "entity_graph_weight": 0.3,
    "concept_graph_weight": 0.25,
    "fusion_weight": 1.0,
    "mim_weight": 0.15,
    "candidate_size": 100,
    "max_concepts": 8000,
    "min_concept_count": 2,
    "seed": 42
  },
  "ope": {
    "not_applicable": true,
    "reason": "KGSF baseline adapter is an offline recommender, not a stochastic dialogue policy with logged propensities."
  },
  "test_evaluation": {
    "split": "test",
    "recommendation_results": {
      "Recall@10": 0.7072332601063944,
      "Recall@50": 0.9163106006762722,
      "MRR@10": 0.8031834873252783,
      "MRR@50": 0.8047775275759698,
      "NDCG@10": 0.663540672820943,
      "NDCG@50": 0.7440232615898607,
      "num_conversations_used": 670,
      "num_conversations_total": 671
    },
    "conversation_results": {
      "Dist-2": 0.0874254432551679,
      "Dist-3": 0.13691762468666263,
      "BLEU-2": 0.0,
      "BLEU-3": 0.0,
      "AT": 1.1985074626865673,
      "success_rate": 0.9895522388059701,
      "num_generated_explanations": 670,
      "baseline_dialogue_note": "KGSF is evaluated as a one-shot recommender baseline; SR@K means target found in top-K, not learned multi-turn policy success.",
      "SR@5": 0.9462686567164179,
      "SR@10": 0.9776119402985075,
      "SR@20": 0.9895522388059701
    },
    "diversity": {
      "ILD@5": 0.6936937337123904,
      "GenreCoverage@5": 0.84,
      "CategoryCoverage@5": 0.84,
      "CalibrationError@5": 0.27985807450256245,
      "ILD@10": 0.7669747953354918,
      "GenreCoverage@10": 0.84,
      "CategoryCoverage@10": 0.84,
      "CalibrationError@10": 0.31847178989031666,
      "ILD@20": 0.8089754295848167,
      "GenreCoverage@20": 0.96,
      "CategoryCoverage@20": 0.96,
      "CalibrationError@20": 0.37935091486020805
    },
    "fairness": {
      "A@5": 185.8913432835821,
      "G@5": 0.037786630107693675,
      "L@5": 5.230527396019022,
      "D@5": -1.0,
      "HeadShare@5": 1.0,
      "TailShare@5": 0.0,
      "Entropy@5": 0.657321215894938,
      "A@10": 123.01388059701493,
      "G@10": 0.07741810876294442,
      "L@10": 4.820393499638697,
      "D@10": -0.9859701492537314,
      "HeadShare@10": 0.9929850746268657,
      "TailShare@10": 0.007014925373134328,
      "Entropy@10": 0.7401922574288646,
      "A@20": 73.71432835820896,
      "G@20": 0.16019592246738568,
      "L@20": 4.313671885769414,
      "D@20": -0.8098507462686566,
      "HeadShare@20": 0.9049253731343283,
      "TailShare@20": 0.09507462686567164,
      "Entropy@20": 0.8217572446393159
    },
    "transparency": {
      "groundedness_factual_consistency": 1.0,
      "deception_hallucination_rate": 0.0,
      "persuasiveness_score": 1.0,
      "transparency_score": 1.0,
      "trust_score": 1.0,
      "usefulness_score": 1.0,
      "baseline_explanation_note": "Template explanation generated for comparable transparency fields; KGSF itself is not evaluated as your project's explanation generator."
    },
    "online_rollout": {
      "episodes": 671,
      "num_test_conversations": 671,
      "rollout_horizon": 20,
      "action_ratios": {
        "ask": 0.0,
        "recommend": 1.0,
        "clarify": 0.0,
        "end": 0.0
      },
      "num_catalog_items": 6924,
      "baseline_note": "KGSF is not trained as a dialogue policy in this adapter; this is a one-shot recommendation evaluation."
    }
  },
  "training": {
    "history": [
      {
        "epoch": 1,
        "loss": 7.466697142575239,
        "rec_loss": 7.447220763644657,
        "mim_alignment_loss": 0.12984265438406853,
        "val": {
          "Recall@10": 0.7198728016943909,
          "Recall@50": 0.9293799528807024,
          "MRR@10": 0.8281049951214868,
          "MRR@50": 0.8288830152023556,
          "NDCG@10": 0.6811797891656431,
          "NDCG@50": 0.7622884516244885,
          "num_conversations_used": 667,
          "num_conversations_total": 671
        },
        "selection_score": 0.7279766859947484
      },
      {
        "epoch": 2,
        "loss": 6.87933344067754,
        "rec_loss": 6.869987085703257,
        "mim_alignment_loss": 0.0623090115552013,
        "val": {
          "Recall@10": 0.7245228576188096,
          "Recall@50": 0.9249613288593799,
          "MRR@10": 0.8099955974393755,
          "MRR@50": 0.8110167306211932,
          "NDCG@10": 0.6764884424610341,
          "NDCG@50": 0.7553193374908238,
          "num_conversations_used": 667,
          "num_conversations_total": 671
        },
        "selection_score": 0.7248053602777015
      },
      {
        "epoch": 3,
        "loss": 6.783218144081735,
        "rec_loss": 6.773190116882324,
        "mim_alignment_loss": 0.06685361288286544,
        "val": {
          "Recall@10": 0.7212447347754695,
          "Recall@50": 0.9232270769377215,
          "MRR@10": 0.8133254801170843,
          "MRR@50": 0.8142932303689424,
          "NDCG@10": 0.6759207158573541,
          "NDCG@50": 0.7550379330228288,
          "num_conversations_used": 667,
          "num_conversations_total": 671
        },
        "selection_score": 0.723797477222452
      },
      {
        "epoch": 4,
        "loss": 6.754385057655541,
        "rec_loss": 6.743723843548749,
        "mim_alignment_loss": 0.07107470474533133,
        "val": {
          "Recall@10": 0.7205861355036768,
          "Recall@50": 0.9205391351943076,
          "MRR@10": 0.812566930820304,
          "MRR@50": 0.813270776651759,
          "NDCG@10": 0.6732633858717775,
          "NDCG@50": 0.7519096884086665,
          "num_conversations_used": 667,
          "num_conversations_total": 671
        },
        "selection_score": 0.7224193321958374
      },
      {
        "epoch": 5,
        "loss": 6.738280117189562,
        "rec_loss": 6.727339807716576,
        "mim_alignment_loss": 0.07293534111734983,
        "val": {
          "Recall@10": 0.7166660717260417,
          "Recall@50": 0.9193058232788367,
          "MRR@10": 0.8236643582970419,
          "MRR@50": 0.8248016639890395,
          "NDCG@10": 0.6761446408847136,
          "NDCG@50": 0.7557699993520903,
          "num_conversations_used": 667,
          "num_conversations_total": 671
        },
        "selection_score": 0.7238832282457769
      },
      {
        "epoch": 6,
        "loss": 6.727006129960756,
        "rec_loss": 6.716017297796301,
        "mim_alignment_loss": 0.07325886866530856,
        "val": {
          "Recall@10": 0.7235882058970514,
          "Recall@50": 0.9196538635444182,
          "MRR@10": 0.820214297613098,
          "MRR@50": 0.8210047953528187,
          "NDCG@10": 0.6764677964513162,
          "NDCG@50": 0.7541044660926702,
          "num_conversations_used": 667,
          "num_conversations_total": 671
        },
        "selection_score": 0.7264212809342535
      },
      {
        "epoch": 7,
        "loss": 6.719154637568706,
        "rec_loss": 6.708196571710947,
        "mim_alignment_loss": 0.0730538178335976,
        "val": {
          "Recall@10": 0.7121927131672259,
          "Recall@50": 0.9171908093572262,
          "MRR@10": 0.8301908569524761,
          "MRR@50": 0.8311506528082064,
          "NDCG@10": 0.6727724489034203,
          "NDCG@50": 0.7534395234109326,
          "num_conversations_used": 667,
          "num_conversations_total": 671
        },
        "selection_score": 0.7219952494319439
      },
      {
        "epoch": 8,
        "loss": 6.713116730870428,
        "rec_loss": 6.702217353356851,
        "mim_alignment_loss": 0.07266251814325114,
        "val": {
          "Recall@10": 0.7144171961638228,
          "Recall@50": 0.91764058446967,
          "MRR@10": 0.817150948335356,
          "MRR@50": 0.8179880514288311,