{
  "mode": "both",
  "dataset": "ReDial",
  "model": "REDIAL_project_baseline",
  "timestamp": "2026-04-28 18:50:04",
  "checkpoint": "checkpoints\\baselines\\REDIAL\\ReDial\\best_redial_model.pt",
  "config": {
    "epochs": 20,
    "batch_size": 128,
    "dim": 128,
    "lr": 0.002,
    "dropout": 0.1,
    "semantic_weight": 0.35,
    "popularity_weight": 0.02,
    "sentiment_weight": 0.15,
    "max_concepts": 8000,
    "min_concept_count": 2,
    "seed": 42,
    "remove_target_from_input": true
  },
  "ope": {
    "not_applicable": true,
    "reason": "REDIAL baseline adapter is an offline/context-conditioned recommender, not a stochastic dialogue policy with logged propensities."
  },
  "test_evaluation": {
    "split": "test",
    "recommendation_results": {
      "Recall@10": 0.4366616989567809,
      "Recall@50": 0.6095380029806259,
      "MRR@10": 0.2450665909682303,
      "MRR@50": 0.25365235245778606,
      "NDCG@10": 0.290549628390377,
      "NDCG@50": 0.32936570868226894,
      "num_conversations_used": 671,
      "num_conversations_total": 671
    },
    "conversation_results": {
      "Dist-2": 0.14532387530334143,
      "Dist-3": 0.21457731753460121,
      "BLEU-2": 0.0,
      "BLEU-3": 0.0,
      "AT": 10.42026825633383,
      "success_rate": 0.5171385991058122,
      "num_generated_explanations": 671,
      "baseline_dialogue_note": "REDIAL adapter is evaluated as a one-shot context-conditioned recommender; SR@K means target found in top-K, not a learned ask/recommend/clarify/end policy.",
      "SR@5": 0.35171385991058124,
      "SR@10": 0.4366616989567809,
      "SR@20": 0.5171385991058122
    },
    "diversity": {
      "ILD@5": 0.5789850845727542,
      "GenreCoverage@5": 0.92,
      "CategoryCoverage@5": 0.92,
      "CalibrationError@5": 0.3896151074326354,
      "ILD@10": 0.5937125548047969,
      "GenreCoverage@10": 0.96,
      "CategoryCoverage@10": 0.96,
      "CalibrationError@10": 0.36912433177909204,
      "ILD@20": 0.6100733871525479,
      "GenreCoverage@20": 0.96,
      "CategoryCoverage@20": 0.96,
      "CalibrationError@20": 0.36678304313419247
    },
    "fairness": {
      "A@5": 85.05186462402344,
      "G@5": 0.9530759336410386,
      "L@5": 3.8217132091522217,
      "D@5": -0.7991058122205663,
      "HeadShare@5": 0.8995529061102832,
      "TailShare@5": 0.10044709388971684,
      "Entropy@5": 0.6816846792583937,
      "A@10": 77.90312957763672,
      "G@10": 0.9416177429033639,
      "L@10": 3.7077813148498535,
      "D@10": -0.7594634873323398,
      "HeadShare@10": 0.8797317436661699,
      "TailShare@10": 0.12026825633383009,
      "Entropy@10": 0.70851252983343,
      "A@20": 69.60961151123047,
      "G@20": 0.9292145895698755,
      "L@20": 3.586901903152466,
      "D@20": -0.721758569299553,
      "HeadShare@20": 0.8608792846497765,
      "TailShare@20": 0.13912071535022352,
      "Entropy@20": 0.7321959203387253
    },
    "transparency": {
      "groundedness_factual_consistency": 1.0,
      "deception_hallucination_rate": 0.0,
      "persuasiveness_score": 1.0,
      "transparency_score": 1.0,
      "trust_score": 1.0,
      "usefulness_score": 1.0,
      "baseline_explanation_note": "Template explanation generated for comparable transparency fields; REDIAL adapter itself is not evaluated as your project's neural explanation generator."
    },
    "online_rollout": {
      "episodes": 671,
      "num_test_conversations": 671,
      "rollout_horizon": 20,
      "action_ratios": {
        "ask": 0.0,
        "recommend": 1.0,
        "clarify": 0.0,
        "end": 0.0
      },
      "num_catalog_items": 6924,
      "baseline_note": "Original REDIAL is a conversational recommendation/generation model, not a separate learned dialogue-action policy; this adapter uses one-shot recommendation evaluation."
    }
  },
  "training": {
    "history": [
      {
        "epoch": 1,
        "loss": 7.5175600232957285,
        "val": {
          "Recall@10": 0.12369597615499255,
          "Recall@50": 0.4083457526080477,
          "MRR@10": 0.04827372081470442,
          "MRR@50": 0.05992302030650436,
          "NDCG@10": 0.06562834491964267,
          "NDCG@50": 0.1258461705633422,
          "num_conversations_used": 671,
          "num_conversations_total": 671
        },
        "selection_score": 0.1510245725687085
      },
      {
        "epoch": 2,
        "loss": 6.73072368283815,
        "val": {
          "Recall@10": 0.14456035767511177,
          "Recall@50": 0.4083457526080477,
          "MRR@10": 0.06280131526033166,
          "MRR@50": 0.07362790738592549,
          "NDCG@10": 0.08207558945182193,
          "NDCG@50": 0.13802898126955102,
          "num_conversations_used": 671,
          "num_conversations_total": 671
        },
        "selection_score": 0.1653444361229205
      },
      {
        "epoch": 3,
        "loss": 6.47960188419004,
        "val": {
          "Recall@10": 0.20864381520119224,
          "Recall@50": 0.46795827123695977,
          "MRR@10": 0.09029108414354316,
          "MRR@50": 0.10186768396518263,
          "NDCG@10": 0.11758413430368969,
          "NDCG@50": 0.173816670418482,
          "num_conversations_used": 671,
          "num_conversations_total": 671
        },
        "selection_score": 0.2140712399724403
      },
      {
        "epoch": 4,
        "loss": 6.099589359911183,
        "val": {
          "Recall@10": 0.28017883755588674,
          "Recall@50": 0.5230998509687034,
          "MRR@10": 0.12203238473730277,
          "MRR@50": 0.1336372584593233,
          "NDCG@10": 0.1587791923978652,
          "NDCG@50": 0.212591598878215,
          "num_conversations_used": 671,
          "num_conversations_total": 671
        },
        "selection_score": 0.2667838383852279
      },
      {
        "epoch": 5,
        "loss": 5.615131885190554,
        "val": {
          "Recall@10": 0.323397913561848,
          "Recall@50": 0.5380029806259314,
          "MRR@10": 0.14110898209258863,
          "MRR@50": 0.15154369261193013,
          "NDCG@10": 0.18366922968558438,
          "NDCG@50": 0.2314799091675058,
          "num_conversations_used": 671,
          "num_conversations_total": 671
        },
        "selection_score": 0.2949289697117469
      },
      {
        "epoch": 6,
        "loss": 5.108282264274887,
        "val": {
          "Recall@10": 0.3293591654247392,
          "Recall@50": 0.5499254843517138,
          "MRR@10": 0.15170498900007096,
          "MRR@50": 0.16266509081181604,
          "NDCG@10": 0.19361711505744855,
          "NDCG@50": 0.24305612385322853,
          "num_conversations_used": 671,
          "num_conversations_total": 671
        },
        "selection_score": 0.3040060813333778
      },
      {
        "epoch": 7,
        "loss": 4.583441378195075,
        "val": {
          "Recall@10": 0.35469448584202684,
          "Recall@50": 0.5722801788375559,
          "MRR@10": 0.17535483642041017,
          "MRR@50": 0.18540280178387225,
          "NDCG@10": 0.21767907892956245,
          "NDCG@50": 0.2653417931674461,
          "num_conversations_used": 671,
          "num_conversations_total": 671
        },
        "selection_score": 0.32808984282869325
      },
      {
        "epoch": 8,
        "loss": 4.082974506329887,
        "val": {
          "Recall@10": 0.35469448584202684,
          "Recall@50": 0.5886736214605067,
          "MRR@10": 0.1794425519835356,
          "MRR@50": 0.19069740631927842,
          "NDCG@10": 0.22068865376108468,
          "NDCG@50": 0.27254915128820284,
          "num_conversations_used": 671,
          "num_conversations_total": 671
        },
        "selection_score": 0.332938468173789
      },
      {
        "epoch": 9,
        "loss": 3.5963042053995253,
        "val": {
          "Recall@10": 0.368107302533532,
          "Recall@50": 0.6005961251862891,
          "MRR@10": 0.19126984126984126,
          "MRR@50": 0.20179141614158075,
          "NDCG@10": 0.23292156844968753,