{
  "mode": "test",
  "dataset": "ReDial",
  "config": "D:\\Tailieudh\\CRS proj\\source_code\\config_thesis.yaml",
  "checkpoint": "best_rl_model.pt",
  "ope": {
    "test": {
      "ips": 0.7263370376386941,
      "snips": 0.7865785007586591,
      "dr": 0.7675201847011438,
      "dm": 0.27391952309985096,
      "dr_ci_low": 0.7601925598006576,
      "dr_ci_high": 0.7749235189561952,
      "dm_ci_low": 0.26095380029806264,
      "dm_ci_high": 0.28539493293591656,
      "ci_level": 0.95,
      "bootstrap_samples": 1000.0,
      "logged_reward_mean": 0.7857479820293414,
      "logged_reward_std": 0.09599258784270093,
      "behavior_recommend_rate": 0.9940740740740741,
      "num_samples": 671.0
    }
  },
  "test_evaluation": {
    "split": "test",
    "recommendation_results": {
      "Recall@10": 0.5791313992806529,
      "Recall@50": 0.7555921151816674,
      "MRR@10": 0.8651948590381427,
      "MRR@50": 0.8673609112553088,
      "NDCG@10": 0.6284009568333196,
      "NDCG@50": 0.6906400769344037,
      "num_conversations_used": 670,
      "num_conversations_total": 671
    },
    "conversation_results": {
      "Dist-2": 0.15876777251184834,
      "Dist-3": 0.23487031700288186,
      "BLEU-2": 0.0,
      "BLEU-3": 0.0,
      "SR@5": 0.9766666666666667,
      "SR@10": 0.98,
      "SR@20": 0.98,
      "AT": 2.28,
      "success_rate": 0.98,
      "num_generated_explanations": 384
    },
    "diversity": {
      "ILD@5": 0.9984136001165888,
      "GenreCoverage@5": 0.92,
      "CategoryCoverage@5": 0.92,
      "CalibrationError@5": 0.29192370569244935,
      "ILD@10": 0.9998311201370353,
      "GenreCoverage@10": 0.92,
      "CategoryCoverage@10": 0.92,
      "CalibrationError@10": 0.31764185272774376,
      "ILD@20": 0.999604945192548,
      "GenreCoverage@20": 0.92,
      "CategoryCoverage@20": 0.92,
      "CalibrationError@20": 0.34884889549039727
    },
    "fairness": {
      "A@5": 59.756770833333334,
      "G@5": 0.926441694348161,
      "L@5": 2.5004394036003,
      "D@5": -0.6052083333333333,
      "HeadShare@5": 0.8026041666666667,
      "TailShare@5": 0.19739583333333333,
      "Entropy@5": 0.7172327940927626,
      "A@10": 83.61979166666667,
      "G@10": 0.9376824120209899,
      "L@10": 2.540341448923259,
      "D@10": -0.7505208333333333,
      "HeadShare@10": 0.8752604166666667,
      "TailShare@10": 0.12473958333333333,
      "Entropy@10": 0.7127203912528013,
      "A@20": 101.63385416666667,
      "G@20": 0.9442442049393414,
      "L@20": 2.616769248356543,
      "D@20": -0.828125,
      "HeadShare@20": 0.9140625,
      "TailShare@20": 0.0859375,
      "Entropy@20": 0.7040774002375936
    },
    "transparency": {
      "groundedness_factual_consistency": 1.0,
      "deception_hallucination_rate": 0.0,
      "persuasiveness_score": 1.0,
      "transparency_score": 1.0,
      "trust_score": 1.0,
      "usefulness_score": 1.0
    },
    "online_rollout": {
      "episodes": 300,
      "num_test_conversations": 671,
      "rollout_horizon": 20,
      "action_ratios": {
        "ask": 0.43859649122807015,
        "recommend": 0.5614035087719298,
        "clarify": 0.0,
        "end": 0.0
      },
      "num_catalog_items": 6924
    }
  }
}